{"cameraMode":{"drawMode":0,"name":"Shaded","section":"Shading Mode"},"sceneLighting":true,"audioPlay":false,"sceneViewState":{"showFog":true,"showMaterialUpdate":false,"showSkybox":true,"showFlares":true,"showImageEffects":true,"showParticleSystems":true},"in2DMode":false,"pivot":{"x":0.04736328125,"y":-0.044677734375,"z":0.2840576171875},"rotation":{"x":0.13220559060573579,"y":-0.8297023177146912,"z":0.22160738706588746,"w":0.4949808716773987},"size":3.6347453594207765,"orthographic":true}